Category,Keyword,Language,Type
General Wellness,Pure Water Benefits,EN,High
General Wellness,Health Benefits of Drinking Water,EN,High
General Wellness,Importance of Water Quality,EN,Mid
General Wellness,Pure Water vs Tap Water Health,EN,Mid
General Wellness,How Pure Water Improves Overall Health,EN,Long
General Wellness,Best Type of Water for Daily Consumption,EN,Long
General Wellness,Alkaline Water vs Pure Water Benefits,EN,Mid
General Wellness,Польза чистой воды,RU,High
General Wellness,Польза питьевой воды для здоровья,RU,High
General Wellness,Важность качества воды,RU,Mid
General Wellness,Чистая вода против водопроводной,RU,Mid
General Wellness,Как чистая вода улучшает здоровье,RU,Long
General Wellness,Какую воду лучше пить каждый день,RU,Long
General Wellness,Щелочная вода или чистая вода польза,RU,Mid
General Wellness,Prednosti čiste vode,SR,High
General Wellness,Zdravstvene prednosti pijenja vode,SR,High
General Wellness,Važnost kvalitete vode,SR,Mid
General Wellness,Čista voda naspram vode iz česme,SR,Mid
General Wellness,Kako čista voda poboljšava zdravlje,SR,Long
General Wellness,Koja je najbolja voda za svakodnevnu upotrebu,SR,Long
General Wellness,Alkalna voda naspram čiste vode,SR,Mid
Detox,Water for Detox,EN,High
Detox,Detox Water Benefits,EN,High
Detox,Flushing Toxins with Water,EN,Mid
Detox,Hydration for Detoxification,EN,Mid
Detox,How to detox liver with water,EN,Long
Detox,Can drinking water cleanse kidneys,EN,Long
Detox,Water fasting for detox,EN,Mid
Detox,Вода для детокса,RU,High
Detox,Польза детокс-воды,RU,High
Detox,Очищение организма водой,RU,Mid
Detox,Гидратация для детоксикации,RU,Mid
Detox,Как очистить печень с помощью воды,RU,Long
Detox,Помогает ли вода очистить почки,RU,Long
Detox,Водное голодание для детокса,RU,Mid
Detox,Voda za detoksikaciju,SR,High
Detox,Prednosti detoks vode,SR,High
Detox,Čišćenje organizma vodom,SR,Mid
Detox,Hidratacija za detoksikaciju,SR,Mid
Detox,Kako očistiti jetru pomoću vode,SR,Long
Detox,Da li voda pomaže u čišćenju bubrega,SR,Long
Detox,Post sa vodom za detoks,SR,Mid
Hydration,Proper Hydration,EN,High
Hydration,Signs of Dehydration,EN,High
Hydration,Optimal Water Intake,EN,Mid
Hydration,Hydration and Metabolism,EN,Mid
Hydration,How much water to drink for weight loss,EN,Long
Hydration,Hydration levels for peak performance,EN,Long
Hydration,Daily water requirements by age,EN,Mid
Hydration,Правильная гидратация,RU,High
Hydration,Признаки обезвоживания,RU,High
Hydration,Оптимальный питьевой режим,RU,Mid
Hydration,Гидратация и метаболизм,RU,Mid
Hydration,Сколько воды пить для похудения,RU,Long
Hydration,Уровень гидратации для продуктивности,RU,Long
Hydration,Норма воды в день по возрасту,RU,Mid
Hydration,Pravilna hidratacija,SR,High
Hydration,Znakovi dehidratacije,SR,High
Hydration,Optimalan unos vode,SR,Mid
Hydration,Hidratacija i metabolizam,SR,Mid
Hydration,Koliko vode piti za mršavljenje,SR,Long
Hydration,Nivo hidratacije za maksimalne performanse,SR,Long
Hydration,Dnevne potrebe za vodom po godinama,SR,Mid
Longevity,Water and Longevity,EN,High
Longevity,Anti-aging Water Benefits,EN,Mid
Longevity,Cellular Hydration and Aging,EN,Mid
Longevity,Water for Life Extension,EN,Mid
Longevity,How hydration affects biological age,EN,Long
Longevity,Drinking water for longevity secrets,EN,Long
Longevity,Pure water and oxidative stress,EN,Mid
Longevity,Вода и долголетие,RU,High
Longevity,Антивозрастной эффект воды,RU,Mid
Longevity,Клеточная гидратация и старение,RU,Mid
Longevity,Вода для продления жизни,RU,Mid
Longevity,Как гидратация влияет на биологический возраст,RU,Long
Longevity,Секреты долголетия и питьевой режим,RU,Long
Longevity,Чистая вода и окислительный стресс,RU,Mid
Longevity,Voda i dugovječnost,SR,High
Longevity,Anti-aging prednosti vode,SR,Mid
Longevity,Ćelijska hidratacija i starenje,SR,Mid
Longevity,Voda za produženje života,SR,Mid
Longevity,Kako hidratacija utiče na biološke godine,SR,Long
Longevity,Tajne dugovječnosti i unos vode,SR,Long
Longevity,Čista voda i oksidativni stres,SR,Mid
Skin/Hair Health,Pure Water for Skin,EN,High
Skin/Hair Health,Hydration for Glowing Skin,EN,High
Skin/Hair Health,Water for Hair Growth,EN,Mid
Skin/Hair Health,Treating Acne with Hydration,EN,Mid
Skin/Hair Health,How much water for clear skin,EN,Long
Skin/Hair Health,Effect of water quality on hair health,EN,Long
Skin/Hair Health,Hydration and skin elasticity,EN,Mid
Skin/Hair Health,Чистая вода для кожи,RU,High
Skin/Hair Health,Гидратация для сияния кожи,RU,High
Skin/Hair Health,Вода для роста волос,RU,Mid
Skin/Hair Health,Борьба с акне через гидратацию,RU,Mid
Skin/Hair Health,Сколько воды пить для чистой кожи,RU,Long
Skin/Hair Health,Влияние качества воды на здоровье волос,RU,Long
Skin/Hair Health,Гидратация и эластичность кожи,RU,Mid
Skin/Hair Health,Čista voda za kožu,SR,High
Skin/Hair Health,Hidratacija za sjajnu kožu,SR,High
Skin/Hair Health,Voda za rast kose,SR,Mid
Skin/Hair Health,Borba protiv akni hidratacijom,SR,Mid
Skin/Hair Health,Koliko vode piti za čistu kožu,SR,Long
Skin/Hair Health,Utjecaj kvalitete vode na zdravlje kose,SR,Long
Skin/Hair Health,Hidratacija i elastičnost kože,SR,Mid
